Name,Date,Time,Photo
intruder_1,10/20/21,17:27:25
intruder_1,10/20/21,17:27:25,/gdrive/MyDrive/data/intruder_img/intruder_1.jpg
intruder_3,10/22/21,20:28:31,/gdrive/MyDrive/thesis/data/intruder_img/intruder_3.jpg
intruder_4,10/22/21,20:39:24,/gdrive/MyDrive/thesis/data/intruder_img/intruder_4.jpg
intruder_5,10/22/21,21:02:07,/gdrive/MyDrive/thesis/data/intruder_img/intruder_5.jpg
intruder_6,11/02/21,17:21:09,/gdrive/MyDrive/thesis/data/intruder_img/intruder_6.jpg
intruder_7,12/07/21,20:18:12,/gdrive/MyDrive/thesis/data/intruder_img/intruder_7.jpg
intruder_9,04/21/25,06:21:24,/gdrive/MyDrive/thesis/data/intruder_img/intruder_9.jpg
intruder_10,04/21/25,07:53:13,/gdrive/MyDrive/thesis/data/intruder_img/intruder_10.jpg
